{"data": "data/wikitext-2", "recepie_id": 1009182, "recepies_list_path": "data/models_recepies.json", "cuda": true, "batch_size": 20, "model": "CustomRNN", "emsize": 400, "nhid": 600, "nlayers": 3, "dropout": 0.1, "dropouth": 0.25, "dropouti": 0.4, "dropoute": 0.0, "wdrop": 0.1, "tied": true, "bptt": 70, "lr": 0.001, "wdecay": 1.2e-06, "epochs": 50, "alpha": 2, "beta": 1, "log_interval": 200, "clip": 0.25, "eval_batch_size": 50, "recepie": "{\"node_0\": {\"op\": \"linear\", \"input\": [\"x\", \"h_prev_1\"]}, \"node_1\": {\"op\": \"activation_leaky_relu\", \"input\": [\"node_0\"]}, \"node_2\": {\"op\": \"linear\", \"input\": [\"h_prev_1\", \"h_prev_0\"]}, \"node_4\": {\"op\": \"linear\", \"input\": [\"node_1\", \"x\"]}, \"node_5\": {\"op\": \"activation_leaky_relu\", \"input\": [\"node_4\"]}, \"node_6\": {\"op\": \"elementwise_sum\", \"input\": [\"h_new_0\", \"node_0\"]}, \"node_7\": {\"op\": \"elementwise_sum\", \"input\": [\"node_6\", \"node_2\"]}, \"node_8\": {\"op\": \"blend\", \"input\": [\"h_new_0\", \"node_7\", \"node_0\"]}, \"h_new_0\": {\"op\": \"activation_tanh\", \"input\": [\"node_2\"]}, \"h_new_1\": {\"op\": \"elementwise_sum\", \"input\": [\"node_8\", \"node_5\"]}}", "experiment_id": 999929401, "init_time": "2020-05-05_22-47-26", "num_params": 18549278, "wall_times": [428.72207522392273], "train_losses": [NaN], "val_losses": [NaN], "test_losses": [NaN], "status": "loss is nan!"}